query_id,query_text,query_type,item_id,best_rank,engines,engine_ranks,run_ranks,file_path,file_name,relative_path,folder_path,thumbnail_url,format,width,height,mc_caption,ai_tags,image_type,scene_type,time_of_day,weather,suggested_relevance,suggested_label_source,suggested_label_version,reviewer_relevance,reviewer_id,review_notes
precision-q0005,홍콩사무실에서 소파과 창문 있는 이미지,scoped,38999,1,triaxis,"{""triaxis"": 1}","{""current_on_v3_clean_20260502:triaxis"": 1, ""scope_hint_hard_small_20260502:triaxis"": 1}",webdav://13730b09/예비/크랑베르무/장소/홍콩사무실/grb04_288.psd,38999_grb04_288.psd,예비/크랑베르무/장소/홍콩사무실/grb04_288.psd,webdav:/13730b09/예비/크랑베르무/장소/홍콩사무실,/Users/saintiron/Projects/Imagine/thumbnails/38999_grb04_288_thumb.png,psd,,,"An anime-style illustration of a quiet office interior with a sofa, desk, bookshelf, and window with blinds.","[""anime"", ""office"", ""interior"", ""sofa"", ""desk"", ""bookshelf"", ""window"", ""blinds"", ""serene"", ""still_life""]",illustration,,,,2,weak,precision_keyword_scoped_v2,2,assisted_prefill_v1,"assisted_prefill; scope=홍콩사무실:exact; matched_terms=소파,창문; missing_terms=-"
precision-q0005,홍콩사무실에서 소파과 창문 있는 이미지,scoped,38996,2,triaxis,"{""triaxis"": 2}","{""scope_hint_hard_small_20260502:triaxis"": 2}",webdav://13730b09/예비/크랑베르무/장소/홍콩사무실/grb03_250.psd,38996_grb03_250.psd,예비/크랑베르무/장소/홍콩사무실/grb03_250.psd,webdav:/13730b09/예비/크랑베르무/장소/홍콩사무실,/Users/saintiron/Projects/Imagine/thumbnails/38996_grb03_250_thumb.png,psd,,,"An anime-style office scene with a transparent lineart of a person sitting at a desk, framed by certificates and a potted plant, with soft light filtering through blinds.","[""anime"", ""office"", ""lineart"", ""transparent"", ""serene"", ""certificates"", ""plant"", ""blinds"", ""text""]",illustration,,,,,,,1,assisted_prefill_v1,assisted_prefill; scope=홍콩사무실:exact; matched_terms=창문; missing_terms=소파
precision-q0005,홍콩사무실에서 소파과 창문 있는 이미지,scoped,58479,2,triaxis,"{""triaxis"": 2}","{""current_on_v3_clean_20260502:triaxis"": 2}",webdav://13730b09/예비/작품2/대마도학원35시험 소대/보도/아르케미스트 본사 사장실 어두운석양.psd,58479_아르케미스트 본사 사장실 어두운석양.psd,예비/작품2/대마도학원35시험 소대/보도/아르케미스트 본사 사장실 어두운석양.psd,보도,/Users/saintiron/Projects/Imagine/thumbnails/58479_아르케미스트 본사 사장실 어두운석양_thumb.png,psd,2674,1994,Sunset view of a modern office with large windows and leather furniture,"[""office"", ""leather sofa"", ""windows"", ""sunset"", ""plants"", ""modern interior"", ""desk"", ""wall shelves""]",background,,,,,,,0,assisted_prefill_v1,"assisted_prefill; scope=홍콩사무실:none; matched_terms=소파,창문; missing_terms=-"
precision-q0005,홍콩사무실에서 소파과 창문 있는 이미지,scoped,38992,3,triaxis,"{""triaxis"": 3}","{""scope_hint_hard_small_20260502:triaxis"": 3}",webdav://13730b09/예비/크랑베르무/장소/홍콩사무실/grb02_147.psd,38992_grb02_147.psd,예비/크랑베르무/장소/홍콩사무실/grb02_147.psd,webdav:/13730b09/예비/크랑베르무/장소/홍콩사무실,/Users/saintiron/Projects/Imagine/thumbnails/38992_grb02_147_thumb.png,psd,,,"A detailed anime-style illustration of a cluttered office room with bookshelves, a glass cabinet, a sofa, and various decorative items. A red banner with the Chinese character '福' hangs on the wall, adding a cultural touch.","[""anime"", ""office"", ""cluttered"", ""bookshelf"", ""glass_cabinet"", ""sofa"", ""red_banner"", ""chinese_character"", ""serene"", ""illustration""]",illustration,,,,2,weak,precision_keyword_scoped_v2,1,assisted_prefill_v1,assisted_prefill; scope=홍콩사무실:exact; matched_terms=소파; missing_terms=창문
precision-q0005,홍콩사무실에서 소파과 창문 있는 이미지,scoped,58147,3,triaxis,"{""triaxis"": 3}","{""current_on_v3_clean_20260502:triaxis"": 3}",webdav://13730b09/예비/작품2/대마도학원35시험 소대/제작회사BG/#1/TM#01_066.psd,58147_TM#01_066.psd,예비/작품2/대마도학원35시험 소대/제작회사BG/#1/TM#01_066.psd,#1,/Users/saintiron/Projects/Imagine/thumbnails/58147_TM#01_066_thumb.png,psd,1683,1187,"A red tufted sofa in a room with a locker, draped fabric, and a potted plant.","[""sofa"", ""locker"", ""fabric"", ""plant"", ""books"", ""wall"", ""door"", ""indoor""]",background,,,,,,,0,assisted_prefill_v1,assisted_prefill; scope=홍콩사무실:none; matched_terms=소파; missing_terms=창문
precision-q0005,홍콩사무실에서 소파과 창문 있는 이미지,scoped,38993,4,triaxis,"{""triaxis"": 4}","{""scope_hint_hard_small_20260502:triaxis"": 4}",webdav://13730b09/예비/크랑베르무/장소/홍콩사무실/grb02_148.psd,38993_grb02_148.psd,예비/크랑베르무/장소/홍콩사무실/grb02_148.psd,webdav:/13730b09/예비/크랑베르무/장소/홍콩사무실,/Users/saintiron/Projects/Imagine/thumbnails/38993_grb02_148_thumb.png,psd,,,"Anime character sketch overlay in an office setting with a desk lamp and greenery, suggesting a scene in development.","[""anime"", ""office"", ""character_sketch"", ""digital_art"", ""illustration"", ""background"", ""desk_lamp"", ""green_plant"", ""transparent_layer"", ""concept_art""]",illustration,,,,,,,0,assisted_prefill_v1,"assisted_prefill; scope=홍콩사무실:exact; matched_terms=-; missing_terms=소파,창문"
precision-q0005,홍콩사무실에서 소파과 창문 있는 이미지,scoped,58313,4,triaxis,"{""triaxis"": 4}","{""current_on_v3_clean_20260502:triaxis"": 4}",webdav://13730b09/예비/작품2/대마도학원35시험 소대/제작회사BG/#1/TM#01_260_262.psd,58313_TM#01_260_262.psd,예비/작품2/대마도학원35시험 소대/제작회사BG/#1/TM#01_260_262.psd,#1,/Users/saintiron/Projects/Imagine/thumbnails/58313_TM#01_260_262_thumb.png,psd,1668,1187,"Red tufted sofa with books, plant, and fan in a room.","[""sofa"", ""books"", ""plant"", ""fan"", ""curtain""]",illustration,,,,,,,0,assisted_prefill_v1,assisted_prefill; scope=홍콩사무실:none; matched_terms=소파; missing_terms=창문
precision-q0005,홍콩사무실에서 소파과 창문 있는 이미지,scoped,39006,5,triaxis,"{""triaxis"": 5}","{""scope_hint_hard_small_20260502:triaxis"": 5}",webdav://13730b09/예비/크랑베르무/장소/홍콩사무실/grb05_006.psd,39006_grb05_006.psd,예비/크랑베르무/장소/홍콩사무실/grb05_006.psd,webdav:/13730b09/예비/크랑베르무/장소/홍콩사무실,/Users/saintiron/Projects/Imagine/thumbnails/39006_grb05_006_thumb.png,psd,,,"Anime illustration of two characters in an office setting, with sketch overlays and a potted plant in the background.","[""anime"", ""office"", ""group_shot"", ""sketch_overlay"", ""potted_plant"", ""neutral_color_palette""]",illustration,,,,,,,0,assisted_prefill_v1,"assisted_prefill; scope=홍콩사무실:exact; matched_terms=-; missing_terms=소파,창문"
precision-q0005,홍콩사무실에서 소파과 창문 있는 이미지,scoped,58126,5,triaxis,"{""triaxis"": 5}","{""current_on_v3_clean_20260502:triaxis"": 5}",webdav://13730b09/예비/작품2/대마도학원35시험 소대/제작회사BG/#1/TM#01_043.psd,58126_TM#01_043.psd,예비/작품2/대마도학원35시험 소대/제작회사BG/#1/TM#01_043.psd,#1,/Users/saintiron/Projects/Imagine/thumbnails/58126_TM#01_043_thumb.png,psd,2361,1639,A red tufted sofa in a sunlit room with windows and a fan.,"[""sofa"", ""windows"", ""fan"", ""plant"", ""books"", ""wall"", ""sunlight"", ""indoor""]",background,,,,,,,0,assisted_prefill_v1,"assisted_prefill; scope=홍콩사무실:none; matched_terms=소파,창문; missing_terms=-"
precision-q0005,홍콩사무실에서 소파과 창문 있는 이미지,scoped,39004,6,triaxis,"{""triaxis"": 6}","{""scope_hint_hard_small_20260502:triaxis"": 6}",webdav://13730b09/예비/크랑베르무/장소/홍콩사무실/grb05_004.psd,39004_grb05_004.psd,예비/크랑베르무/장소/홍콩사무실/grb05_004.psd,webdav:/13730b09/예비/크랑베르무/장소/홍콩사무실,/Users/saintiron/Projects/Imagine/thumbnails/39004_grb05_004_thumb.png,psd,,,"Anime-style illustration of a translucent figure in an office setting, with bookshelves and a chair in the background.","[""anime"", ""office"", ""translucent"", ""bookshelf"", ""mysterious"", ""illustration""]",illustration,,,,,,,0,assisted_prefill_v1,"assisted_prefill; scope=홍콩사무실:exact; matched_terms=-; missing_terms=소파,창문"
precision-q0005,홍콩사무실에서 소파과 창문 있는 이미지,scoped,48511,6,triaxis,"{""triaxis"": 6}","{""current_on_v3_clean_20260502:triaxis"": 6}",webdav://13730b09/발송/외주 회사/뱅가드/24/#13/bg/VS6_13_358_GENZU.psd,48511_VS6_13_358_GENZU.psd,발송/외주 회사/뱅가드/24/#13/bg/VS6_13_358_GENZU.psd,발송/외주 회사/뱅가드/24/#13/bg,/Users/saintiron/Projects/Imagine/thumbnails/48511_VS6_13_358_GENZU_thumb.png,psd,,,Modern office interior with large windows and city view.,"[""office"", ""interior"", ""modern"", ""cityscape"", ""desk"", ""chairs"", ""plant"", ""window""]",illustration,,,,,,,0,assisted_prefill_v1,assisted_prefill; scope=홍콩사무실:none; matched_terms=창문; missing_terms=소파
precision-q0005,홍콩사무실에서 소파과 창문 있는 이미지,scoped,39009,7,triaxis,"{""triaxis"": 7}","{""scope_hint_hard_small_20260502:triaxis"": 7}",webdav://13730b09/예비/크랑베르무/장소/홍콩사무실/grb05_201.psd,39009_grb05_201.psd,예비/크랑베르무/장소/홍콩사무실/grb05_201.psd,webdav:/13730b09/예비/크랑베르무/장소/홍콩사무실,/Users/saintiron/Projects/Imagine/thumbnails/39009_grb05_201_thumb.png,psd,,,"Anime-style overhead view of a dining room with ghostly figures seated at a table, rendered with transparent layers and sketch outlines.","[""anime"", ""overhead_view"", ""ghostly_figures"", ""dining_room"", ""transparent_layers"", ""sketch_outlines"", ""mysterious""]",illustration,,,,,,,0,assisted_prefill_v1,"assisted_prefill; scope=홍콩사무실:exact; matched_terms=-; missing_terms=소파,창문"
precision-q0005,홍콩사무실에서 소파과 창문 있는 이미지,scoped,58292,7,triaxis,"{""triaxis"": 7}","{""current_on_v3_clean_20260502:triaxis"": 7}",webdav://13730b09/예비/작품2/대마도학원35시험 소대/제작회사BG/#1/TM#01_238.psd,58292_TM#01_238.psd,예비/작품2/대마도학원35시험 소대/제작회사BG/#1/TM#01_238.psd,#1,/Users/saintiron/Projects/Imagine/thumbnails/58292_TM#01_238_thumb.png,psd,1668,1187,"Interior scene with red sofa, books, plant, and draped fabric near windows.","[""sofa"", ""books"", ""plant"", ""windows"", ""fabric"", ""wall"", ""indoor"", ""furniture""]",illustration,,,,,,,0,assisted_prefill_v1,"assisted_prefill; scope=홍콩사무실:none; matched_terms=소파,창문; missing_terms=-"
precision-q0005,홍콩사무실에서 소파과 창문 있는 이미지,scoped,39000,8,triaxis,"{""triaxis"": 8}","{""scope_hint_hard_small_20260502:triaxis"": 8}",webdav://13730b09/예비/크랑베르무/장소/홍콩사무실/grb04_289.psd,39000_grb04_289.psd,예비/크랑베르무/장소/홍콩사무실/grb04_289.psd,webdav:/13730b09/예비/크랑베르무/장소/홍콩사무실,/Users/saintiron/Projects/Imagine/thumbnails/39000_grb04_289_thumb.png,psd,,,"Anime-style illustration of two characters in a room, depicted as sketch outlines with a translucent effect, surrounded by framed art and greenery.","[""anime"", ""group_shot"", ""sketch"", ""translucent"", ""interior"", ""illustration""]",illustration,,,,,,,0,assisted_prefill_v1,"assisted_prefill; scope=홍콩사무실:exact; matched_terms=-; missing_terms=소파,창문"
precision-q0005,홍콩사무실에서 소파과 창문 있는 이미지,scoped,58140,8,triaxis,"{""triaxis"": 8}","{""current_on_v3_clean_20260502:triaxis"": 8}",webdav://13730b09/예비/작품2/대마도학원35시험 소대/제작회사BG/#1/TM#01_059.psd,58140_TM#01_059.psd,예비/작품2/대마도학원35시험 소대/제작회사BG/#1/TM#01_059.psd,#1,/Users/saintiron/Projects/Imagine/thumbnails/58140_TM#01_059_thumb.png,psd,1674,1180,"A room interior with a wooden desk, purple curtain, and window.","[""desk"", ""curtain"", ""window"", ""wallpaper"", ""frame"", ""wood"", ""purple"", ""brown""]",background,,,,,,,0,assisted_prefill_v1,assisted_prefill; scope=홍콩사무실:none; matched_terms=창문; missing_terms=소파
precision-q0005,홍콩사무실에서 소파과 창문 있는 이미지,scoped,39008,9,triaxis,"{""triaxis"": 9}","{""scope_hint_hard_small_20260502:triaxis"": 9}",webdav://13730b09/예비/크랑베르무/장소/홍콩사무실/grb05_200.psd,39008_grb05_200.psd,예비/크랑베르무/장소/홍콩사무실/grb05_200.psd,webdav:/13730b09/예비/크랑베르무/장소/홍콩사무실,/Users/saintiron/Projects/Imagine/thumbnails/39008_grb05_200_thumb.png,psd,,,"Anime-style portrait sketch of two characters viewed through a split glass pane, with visible lineart and background elements.","[""anime"", ""portrait"", ""sketch"", ""glass_split"", ""lineart"", ""character"", ""illustration""]",illustration,,,,,,,1,assisted_prefill_v1,assisted_prefill; scope=홍콩사무실:exact; matched_terms=창문; missing_terms=소파
precision-q0005,홍콩사무실에서 소파과 창문 있는 이미지,scoped,56731,9,triaxis,"{""triaxis"": 9}","{""current_on_v3_clean_20260502:triaxis"": 9}",webdav://13730b09/발송/외주 회사/빔 studio/메탈#07/bg/MR07_055_BG_수정.psd,56731_MR07_055_BG_수정.psd,발송/외주 회사/빔 studio/메탈#07/bg/MR07_055_BG_수정.psd,bg,/Users/saintiron/Projects/Imagine/thumbnails/56731_MR07_055_BG_수정_thumb.png,psd,1884,1343,Two men in suits sit on a dark tufted sofa in a bright room.,"[""men"", ""suits"", ""sofa"", ""window"", ""trees"", ""overlay"", ""sketch""]",illustration,,,,,,,0,assisted_prefill_v1,"assisted_prefill; scope=홍콩사무실:none; matched_terms=소파,창문; missing_terms=-"
precision-q0005,홍콩사무실에서 소파과 창문 있는 이미지,scoped,39005,10,triaxis,"{""triaxis"": 10}","{""scope_hint_hard_small_20260502:triaxis"": 10}",webdav://13730b09/예비/크랑베르무/장소/홍콩사무실/grb05_005.psd,39005_grb05_005.psd,예비/크랑베르무/장소/홍콩사무실/grb05_005.psd,webdav:/13730b09/예비/크랑베르무/장소/홍콩사무실,/Users/saintiron/Projects/Imagine/thumbnails/39005_grb05_005_thumb.png,psd,,,"A minimalist urban scene with a wooden surface and grassy ground, suggesting a modern outdoor setting.","[""urban"", ""modern"", ""wooden"", ""grass"", ""minimalist"", ""outdoor"", ""3d_render""]",background,urban,,,,,,0,assisted_prefill_v1,"assisted_prefill; scope=홍콩사무실:exact; matched_terms=-; missing_terms=소파,창문"
precision-q0005,홍콩사무실에서 소파과 창문 있는 이미지,scoped,47992,10,triaxis,"{""triaxis"": 10}","{""current_on_v3_clean_20260502:triaxis"": 10}",webdav://13730b09/발송/외주 회사/뱅가드/26/#05/bg/VS10_05_077_GENZU.psd,47992_VS10_05_077_GENZU.psd,발송/외주 회사/뱅가드/26/#05/bg/VS10_05_077_GENZU.psd,발송/외주 회사/뱅가드/26/#05/bg,/Users/saintiron/Projects/Imagine/thumbnails/47992_VS10_05_077_GENZU_thumb.png,psd,,,A dimly lit office with two figures at a desk.,"[""office"", ""desk"", ""night"", ""books"", ""window"", ""sofa"", ""chair"", ""lamp""]",illustration,,,,,,,0,assisted_prefill_v1,"assisted_prefill; scope=홍콩사무실:none; matched_terms=소파,창문; missing_terms=-"
precision-q0007,#3에서 하늘과 밤 있는 이미지,scoped,30788,1,triaxis,"{""triaxis"": 1}","{""scope_hint_hard_small_20260502:triaxis"": 1}",webdav://13730b09/발송작품/작품/세일러문/#33/1/291.psd,291.psd,발송작품/작품/세일러문/#33/1/291.psd,발송작품/작품/세일러문/#33/1,/Users/saintiron/Projects/Imagine/thumbnails/291_thumb.png,psd,1782,1268,"A dark, stormy sky with swirling blue clouds under a night sky.",[],background,celestial,,,2,weak,precision_keyword_scoped_v2,0,assisted_prefill_v1,"assisted_prefill; scope=#3:substring; matched_terms=하늘,밤; missing_terms=-"
precision-q0007,#3에서 하늘과 밤 있는 이미지,scoped,40887,1,triaxis,"{""triaxis"": 1}","{""current_on_v3_clean_20260502:triaxis"": 1}",webdav://13730b09/예비/크랑베르무/장소/전투/1/grb01_195.psd,40887_grb01_195.psd,예비/크랑베르무/장소/전투/1/grb01_195.psd,webdav:/13730b09/예비/크랑베르무/장소/전투/1,/Users/saintiron/Projects/Imagine/thumbnails/40887_grb01_195_thumb.png,psd,,,"A serene anime-style night sky filled with stars and soft clouds, transitioning from deep blue to pink hues.","[""night sky"", ""anime"", ""stars"", ""clouds"", ""serene"", ""pink gradient"", ""deep blue""]",background,sky,night,clear,,,,0,assisted_prefill_v1,"assisted_prefill; scope=#3:none; matched_terms=하늘,밤; missing_terms=-"
precision-q0007,#3에서 하늘과 밤 있는 이미지,scoped,29532,2,triaxis,"{""triaxis"": 2}","{""scope_hint_hard_small_20260502:triaxis"": 2}",webdav://13730b09/발송작품/작품/세일러문/#30/1/226.psd,29532_226.psd,발송작품/작품/세일러문/#30/1/226.psd,발송작품/작품/세일러문/#30/1,/Users/saintiron/Projects/Imagine/thumbnails/29532_226_thumb.png,psd,,,"A starry night sky overlooks a sprawling cityscape from a high vantage point, with a curved architectural edge framing the view.","[""night"", ""city"", ""stars"", ""anime"", ""urban"", ""sky"", ""modern"", ""peaceful"", ""deep_depth""]",background,urban,,,2,weak,precision_keyword_scoped_v2,0,assisted_prefill_v1,"assisted_prefill; scope=#3:substring; matched_terms=하늘,밤; missing_terms=-"
precision-q0007,#3에서 하늘과 밤 있는 이미지,scoped,40896,2,triaxis,"{""triaxis"": 2}","{""current_on_v3_clean_20260502:triaxis"": 2}",webdav://13730b09/예비/크랑베르무/장소/전투/1/grb01_208.psd,40896_grb01_208.psd,예비/크랑베르무/장소/전투/1/grb01_208.psd,webdav:/13730b09/예비/크랑베르무/장소/전투/1,/Users/saintiron/Projects/Imagine/thumbnails/40896_grb01_208_thumb.png,psd,,,"A serene anime-style night sky filled with stars and soft clouds, transitioning from deep blue to pink hues.","[""night sky"", ""stars"", ""anime"", ""clouds"", ""serene"", ""pink gradient"", ""deep blue""]",background,sky,night,clear,,,,0,assisted_prefill_v1,"assisted_prefill; scope=#3:none; matched_terms=하늘,밤; missing_terms=-"
precision-q0007,#3에서 하늘과 밤 있는 이미지,scoped,29540,3,triaxis,"{""triaxis"": 3}","{""scope_hint_hard_small_20260502:triaxis"": 3}",webdav://13730b09/발송작품/작품/세일러문/#30/1/242.psd,29540_242.psd,발송작품/작품/세일러문/#30/1/242.psd,발송작품/작품/세일러문/#30/1,/Users/saintiron/Projects/Imagine/thumbnails/29540_242_thumb.png,psd,,,A serene starry night sky with scattered twinkling stars against a deep blue gradient.,[],background,celestial,,,2,weak,precision_keyword_scoped_v2,0,assisted_prefill_v1,"assisted_prefill; scope=#3:substring; matched_terms=하늘,밤; missing_terms=-"
precision-q0007,#3에서 하늘과 밤 있는 이미지,scoped,59910,3,triaxis,"{""triaxis"": 3}","{""current_on_v3_clean_20260502:triaxis"": 3}",webdav://13730b09/예비/마법과고교의 우등생/#13/BG/mky13_009.psd,59910_mky13_009.psd,예비/마법과고교의 우등생/#13/BG/mky13_009.psd,BG,/Users/saintiron/Projects/Imagine/thumbnails/59910_mky13_009_thumb.png,psd,1854,1273,A serene night sky filled with stars and scattered clouds.,"[""night sky"", ""stars"", ""clouds"", ""dark blue"", ""cosmic""]",background,,,,,,,0,assisted_prefill_v1,"assisted_prefill; scope=#3:none; matched_terms=하늘,밤; missing_terms=-"
precision-q0007,#3에서 하늘과 밤 있는 이미지,scoped,30791,4,triaxis,"{""triaxis"": 4}","{""scope_hint_hard_small_20260502:triaxis"": 4}",webdav://13730b09/발송작품/작품/세일러문/#33/1/299_301_313_311_318_324_326.psd,299_301_313_311_318_324_326.psd,발송작품/작품/세일러문/#33/1/299_301_313_311_318_324_326.psd,발송작품/작품/세일러문/#33/1,/Users/saintiron/Projects/Imagine/thumbnails/299_301_313_311_318_324_326_thumb.png,psd,2588,1198,"Dark, stormy night sky with swirling clouds.",[],background,celestial,,,2,weak,precision_keyword_scoped_v2,0,assisted_prefill_v1,"assisted_prefill; scope=#3:substring; matched_terms=하늘,밤; missing_terms=-"
precision-q0007,#3에서 하늘과 밤 있는 이미지,scoped,40862,4,triaxis,"{""triaxis"": 4}","{""current_on_v3_clean_20260502:triaxis"": 4}",webdav://13730b09/예비/크랑베르무/장소/전투/1/grb01_169.psd,40862_grb01_169.psd,예비/크랑베르무/장소/전투/1/grb01_169.psd,webdav:/13730b09/예비/크랑베르무/장소/전투/1,/Users/saintiron/Projects/Imagine/thumbnails/40862_grb01_169_thumb.png,psd,,,"A serene anime-style night sky filled with stars and soft clouds, transitioning from deep blue to pink hues.","[""night sky"", ""stars"", ""clouds"", ""anime"", ""serene"", ""pink gradient"", ""deep blue""]",background,sky,night,clear,,,,0,assisted_prefill_v1,"assisted_prefill; scope=#3:none; matched_terms=하늘,밤; missing_terms=-"
precision-q0007,#3에서 하늘과 밤 있는 이미지,scoped,30787,5,triaxis,"{""triaxis"": 5}","{""scope_hint_hard_small_20260502:triaxis"": 5}",webdav://13730b09/발송작품/작품/세일러문/#33/1/285_316.psd,285_316.psd,발송작품/작품/세일러문/#33/1/285_316.psd,발송작품/작품/세일러문/#33/1,/Users/saintiron/Projects/Imagine/thumbnails/285_316_thumb.png,psd,1764,1260,"A dark, stormy night sky with swirling deep blue clouds.",[],background,celestial,,,2,weak,precision_keyword_scoped_v2,0,assisted_prefill_v1,"assisted_prefill; scope=#3:substring; matched_terms=하늘,밤; missing_terms=-"
precision-q0007,#3에서 하늘과 밤 있는 이미지,scoped,40930,5,triaxis,"{""triaxis"": 5}","{""current_on_v3_clean_20260502:triaxis"": 5}",webdav://13730b09/예비/크랑베르무/장소/전투/1/grb01_251.psd,40930_grb01_251.psd,예비/크랑베르무/장소/전투/1/grb01_251.psd,webdav:/13730b09/예비/크랑베르무/장소/전투/1,/Users/saintiron/Projects/Imagine/thumbnails/40930_grb01_251_thumb.png,psd,,,"A serene anime-style night sky filled with stars and soft clouds, transitioning from deep blue to pink hues.","[""night sky"", ""stars"", ""anime"", ""clouds"", ""purple sky"", ""pink gradient"", ""serene""]",background,sky,night,clear,,,,0,assisted_prefill_v1,"assisted_prefill; scope=#3:none; matched_terms=하늘,밤; missing_terms=-"
precision-q0007,#3에서 하늘과 밤 있는 이미지,scoped,30775,6,triaxis,"{""triaxis"": 6}","{""scope_hint_hard_small_20260502:triaxis"": 6}",webdav://13730b09/발송작품/작품/세일러문/#33/1/257.psd,257.psd,발송작품/작품/세일러문/#33/1/257.psd,발송작품/작품/세일러문/#33/1,/Users/saintiron/Projects/Imagine/thumbnails/257_thumb.png,psd,4243,4093,"A swirling, dark stormy sky at night, filled with ominous clouds.",[],background,celestial,,,2,weak,precision_keyword_scoped_v2,0,assisted_prefill_v1,"assisted_prefill; scope=#3:substring; matched_terms=하늘,밤; missing_terms=-"
precision-q0007,#3에서 하늘과 밤 있는 이미지,scoped,40851,6,triaxis,"{""triaxis"": 6}","{""current_on_v3_clean_20260502:triaxis"": 6}",webdav://13730b09/예비/크랑베르무/장소/전투/1/grb01_151.psd,40851_grb01_151.psd,예비/크랑베르무/장소/전투/1/grb01_151.psd,webdav:/13730b09/예비/크랑베르무/장소/전투/1,/Users/saintiron/Projects/Imagine/thumbnails/40851_grb01_151_thumb.png,psd,,,"A serene anime-style night sky filled with stars and soft clouds, transitioning from deep blue to purple and pink hues.","[""night sky"", ""stars"", ""clouds"", ""anime"", ""serene"", ""purple sky"", ""starry""]",background,sky,night,clear,,,,0,assisted_prefill_v1,"assisted_prefill; scope=#3:none; matched_terms=하늘,밤; missing_terms=-"
precision-q0007,#3에서 하늘과 밤 있는 이미지,scoped,29535,7,triaxis,"{""triaxis"": 7}","{""scope_hint_hard_small_20260502:triaxis"": 7}",webdav://13730b09/발송작품/작품/세일러문/#30/1/236.psd,29535_236.psd,발송작품/작품/세일러문/#30/1/236.psd,발송작품/작품/세일러문/#30/1,/Users/saintiron/Projects/Imagine/thumbnails/29535_236_thumb.png,psd,,,"A starry night sky viewed through a slanted window frame, with a gradient from deep indigo to bright blue.",[],background,celestial,,,2,weak,precision_keyword_scoped_v2,0,assisted_prefill_v1,"assisted_prefill; scope=#3:substring; matched_terms=하늘,밤; missing_terms=-"
precision-q0007,#3에서 하늘과 밤 있는 이미지,scoped,40786,7,triaxis,"{""triaxis"": 7}","{""current_on_v3_clean_20260502:triaxis"": 7}",webdav://13730b09/예비/크랑베르무/장소/전투/1/grb03_175.psd,40786_grb03_175.psd,예비/크랑베르무/장소/전투/1/grb03_175.psd,webdav:/13730b09/예비/크랑베르무/장소/전투/1,/Users/saintiron/Projects/Imagine/thumbnails/40786_grb03_175_thumb.png,psd,,,"A serene anime-style night sky filled with stars and soft clouds, glowing with pink and purple hues.","[""night sky"", ""anime"", ""stars"", ""clouds"", ""pink and purple"", ""serene""]",background,sky,night,clear,,,,0,assisted_prefill_v1,"assisted_prefill; scope=#3:none; matched_terms=하늘,밤; missing_terms=-"
precision-q0007,#3에서 하늘과 밤 있는 이미지,scoped,29541,8,triaxis,"{""triaxis"": 8}","{""scope_hint_hard_small_20260502:triaxis"": 8}",webdav://13730b09/발송작품/작품/세일러문/#30/1/244.psd,29541_244.psd,발송작품/작품/세일러문/#30/1/244.psd,발송작품/작품/세일러문/#30/1,/Users/saintiron/Projects/Imagine/thumbnails/29541_244_thumb.png,psd,,,A crescent moon hangs in a starry night sky above a city skyline with illuminated buildings.,"[""night"", ""cityscape"", ""moon"", ""stars"", ""anime"", ""urban"", ""silhouette"", ""skyline"", ""crescent_moon"", ""city_lights""]",illustration,,,,2,weak,precision_keyword_scoped_v2,0,assisted_prefill_v1,"assisted_prefill; scope=#3:substring; matched_terms=하늘,밤; missing_terms=-"
precision-q0007,#3에서 하늘과 밤 있는 이미지,scoped,40884,8,triaxis,"{""triaxis"": 8}","{""current_on_v3_clean_20260502:triaxis"": 8}",webdav://13730b09/예비/크랑베르무/장소/전투/1/grb01_189.psd,40884_grb01_189.psd,예비/크랑베르무/장소/전투/1/grb01_189.psd,webdav:/13730b09/예비/크랑베르무/장소/전투/1,/Users/saintiron/Projects/Imagine/thumbnails/40884_grb01_189_thumb.png,psd,,,"A serene anime-style night sky filled with stars and soft clouds, transitioning from deep blue to pink hues.","[""night"", ""stars"", ""clouds"", ""anime"", ""serene"", ""purple"", ""pink"", ""sky""]",background,sky,night,clear,,,,0,assisted_prefill_v1,"assisted_prefill; scope=#3:none; matched_terms=하늘,밤; missing_terms=-"
precision-q0007,#3에서 하늘과 밤 있는 이미지,scoped,30779,9,triaxis,"{""triaxis"": 9}","{""scope_hint_hard_small_20260502:triaxis"": 9}",webdav://13730b09/발송작품/작품/세일러문/#33/1/262_263_267_278_310_284_290_295.psd,262_263_267_278_310_284_290_295.psd,발송작품/작품/세일러문/#33/1/262_263_267_278_310_284_290_295.psd,발송작품/작품/세일러문/#33/1,/Users/saintiron/Projects/Imagine/thumbnails/262_263_267_278_310_284_290_295_thumb.png,psd,3603,2808,"A dark, stormy night sky filled with swirling clouds.",[],background,celestial,,,2,weak,precision_keyword_scoped_v2,0,assisted_prefill_v1,"assisted_prefill; scope=#3:substring; matched_terms=하늘,밤; missing_terms=-"
precision-q0007,#3에서 하늘과 밤 있는 이미지,scoped,40948,9,triaxis,"{""triaxis"": 9}","{""current_on_v3_clean_20260502:triaxis"": 9}",webdav://13730b09/예비/크랑베르무/장소/전투/1/grb01_291.psd,40948_grb01_291.psd,예비/크랑베르무/장소/전투/1/grb01_291.psd,webdav:/13730b09/예비/크랑베르무/장소/전투/1,/Users/saintiron/Projects/Imagine/thumbnails/40948_grb01_291_thumb.png,psd,,,Anime-style night sky with stars and clouds over a mountainous landscape,"[""night"", ""stars"", ""mountains"", ""anime"", ""serene"", ""sky""]",background,landscape,night,clear,,,,0,assisted_prefill_v1,"assisted_prefill; scope=#3:none; matched_terms=하늘,밤; missing_terms=-"
precision-q0007,#3에서 하늘과 밤 있는 이미지,scoped,30781,10,triaxis,"{""triaxis"": 10}","{""scope_hint_hard_small_20260502:triaxis"": 10}",webdav://13730b09/발송작품/작품/세일러문/#33/1/266_268_269_272_280_315_288.psd,266_268_269_272_280_315_288.psd,발송작품/작품/세일러문/#33/1/266_268_269_272_280_315_288.psd,발송작품/작품/세일러문/#33/1,/Users/saintiron/Projects/Imagine/thumbnails/266_268_269_272_280_315_288_thumb.png,psd,3395,1272,"A deep blue, foggy night sky with subtle cloud formations.",[],background,celestial,,,2,weak,precision_keyword_scoped_v2,0,assisted_prefill_v1,"assisted_prefill; scope=#3:substring; matched_terms=하늘,밤; missing_terms=-"
precision-q0007,#3에서 하늘과 밤 있는 이미지,scoped,40779,10,triaxis,"{""triaxis"": 10}","{""current_on_v3_clean_20260502:triaxis"": 10}",webdav://13730b09/예비/크랑베르무/장소/전투/1/grb01_083.psd,40779_grb01_083.psd,예비/크랑베르무/장소/전투/1/grb01_083.psd,webdav:/13730b09/예비/크랑베르무/장소/전투/1,/Users/saintiron/Projects/Imagine/thumbnails/40779_grb01_083_thumb.png,psd,,,"A serene anime-style night sky filled with stars and soft clouds, transitioning from deep blue to pink hues.","[""night sky"", ""stars"", ""anime"", ""clouds"", ""serene"", ""purple sky"", ""starry""]",background,sky,night,clear,,,,0,assisted_prefill_v1,"assisted_prefill; scope=#3:none; matched_terms=하늘,밤; missing_terms=-"
precision-q0010,#3에서 창문과 주방 있는 이미지,scoped,41783,1,triaxis,"{""triaxis"": 1}","{""current_on_v3_clean_20260502:triaxis"": 1}",webdav://13730b09/예비/크랑베르무/장소/만게츠의 절/grb06_136.psd,41783_grb06_136.psd,예비/크랑베르무/장소/만게츠의 절/grb06_136.psd,webdav:/13730b09/예비/크랑베르무/장소/만게츠의 절,/Users/saintiron/Projects/Imagine/thumbnails/41783_grb06_136_thumb.png,psd,,,"A modern kitchen interior with stainless steel refrigerator, wooden cabinets, and a teal-framed window.","[""kitchen"", ""modern"", ""anime"", ""interior"", ""refrigerator"", ""wooden cabinets"", ""teal window""]",background,interior,day,clear,,,,0,assisted_prefill_v1,"assisted_prefill; scope=#3:none; matched_terms=창문,주방; missing_terms=-"
precision-q0010,#3에서 창문과 주방 있는 이미지,scoped,57736,1,triaxis,"{""triaxis"": 1}","{""scope_hint_hard_small_20260502:triaxis"": 1}",webdav://13730b09/예비/작품2/대마도학원35시험 소대/제작회사BG/#3/AT03_200.psd,57736_AT03_200.psd,예비/작품2/대마도학원35시험 소대/제작회사BG/#3/AT03_200.psd,#3,/Users/saintiron/Projects/Imagine/thumbnails/57736_AT03_200_thumb.png,psd,1680,1350,Anime character sketch overlaid on a kitchen scene with cabinets and window.,"[""anime character"", ""kitchen"", ""cabinets"", ""window"", ""sketch"", ""overlay"", ""towel""]",illustration,,,,,,,2,assisted_prefill_v1,"assisted_prefill; scope=#3:exact; matched_terms=창문,주방; missing_terms=-"
precision-q0010,#3에서 창문과 주방 있는 이미지,scoped,31132,2,triaxis,"{""triaxis"": 2}","{""current_on_v3_clean_20260502:triaxis"": 2}",/Users/saintiron/imageDB/마캬베리즈무/실내소품/102_km05.psd,102_km05.psd,102_km05.psd,실내소품,/Users/saintiron/Projects/Imagine/thumbnails/102_km05_thumb.png,psd,1810,1191,"A clean, modern kitchen with stainless steel counters and red walls.","[""kitchen"", ""stainless steel"", ""countertop"", ""sink"", ""cabinets"", ""window"", ""utensils"", ""pot""]",background,,,,,,,0,assisted_prefill_v1,"assisted_prefill; scope=#3:none; matched_terms=창문,주방; missing_terms=-"
precision-q0010,#3에서 창문과 주방 있는 이미지,scoped,57690,2,triaxis,"{""triaxis"": 2}","{""scope_hint_hard_small_20260502:triaxis"": 2}",webdav://13730b09/예비/작품2/대마도학원35시험 소대/제작회사BG/#3/AT03_134_R.psd,57690_AT03_134_R.psd,예비/작품2/대마도학원35시험 소대/제작회사BG/#3/AT03_134_R.psd,#3,/Users/saintiron/Projects/Imagine/thumbnails/57690_AT03_134_R_thumb.png,psd,2338,1653,"A room with a red sofa, fan, and windows showing daylight.","[""sofa"", ""fan"", ""windows"", ""plant"", ""wall"", ""chair"", ""desk"", ""indoor""]",background,,,,,,,1,assisted_prefill_v1,assisted_prefill; scope=#3:exact; matched_terms=창문; missing_terms=주방
precision-q0010,#3에서 창문과 주방 있는 이미지,scoped,31479,3,triaxis,"{""triaxis"": 3}","{""current_on_v3_clean_20260502:triaxis"": 3}",/Users/saintiron/imageDB/마캬베리즈무/실내소품/NM#02_103.psd,NM#02_103.psd,NM#02_103.psd,실내소품,/Users/saintiron/Projects/Imagine/thumbnails/NM#02_103_thumb.png,psd,2592,2916,"A cozy kitchen scene with a door, refrigerator, and floral curtains.","[""kitchen"", ""door"", ""refrigerator"", ""curtains"", ""cabinet"", ""countertop"", ""window"", ""chair""]",background,,,,,,,0,assisted_prefill_v1,"assisted_prefill; scope=#3:none; matched_terms=창문,주방; missing_terms=-"
precision-q0010,#3에서 창문과 주방 있는 이미지,scoped,57671,3,triaxis,"{""triaxis"": 3}","{""scope_hint_hard_small_20260502:triaxis"": 3}",webdav://13730b09/예비/작품2/대마도학원35시험 소대/제작회사BG/#3/AT03_139.psd,57671_AT03_139.psd,예비/작품2/대마도학원35시험 소대/제작회사BG/#3/AT03_139.psd,#3,/Users/saintiron/Projects/Imagine/thumbnails/57671_AT03_139_thumb.png,psd,2063,1652,Anime-style character sketches layered over a room interior with windows and furniture.,"[""anime"", ""sketches"", ""characters"", ""interior"", ""windows"", ""furniture"", ""layered"", ""line art""]",illustration,,,,,,,1,assisted_prefill_v1,assisted_prefill; scope=#3:exact; matched_terms=창문; missing_terms=주방
precision-q0010,#3에서 창문과 주방 있는 이미지,scoped,41655,4,triaxis,"{""triaxis"": 4}","{""current_on_v3_clean_20260502:triaxis"": 4}",webdav://13730b09/예비/크랑베르무/장소/만게츠의집/grb01_006_009_BG1.psd,41655_grb01_006_009_BG1.psd,예비/크랑베르무/장소/만게츠의집/grb01_006_009_BG1.psd,webdav:/13730b09/예비/크랑베르무/장소/만게츠의집,/Users/saintiron/Projects/Imagine/thumbnails/41655_grb01_006_009_BG1_thumb.png,psd,,,"A cozy, dimly lit kitchen at dusk with warm light from a window illuminating the dining table and surrounding furniture.","[""kitchen"", ""dining table"", ""anime"", ""evening"", ""cozy"", ""modern interior"", ""window light"", ""dark blue"", ""orange""]",background,Interior,Evening,Clear,,,,0,assisted_prefill_v1,"assisted_prefill; scope=#3:none; matched_terms=창문,주방; missing_terms=-"
precision-q0010,#3에서 창문과 주방 있는 이미지,scoped,57692,4,triaxis,"{""triaxis"": 4}","{""scope_hint_hard_small_20260502:triaxis"": 4}",webdav://13730b09/예비/작품2/대마도학원35시험 소대/제작회사BG/#3/AT03_136.psd,57692_AT03_136.psd,예비/작품2/대마도학원35시험 소대/제작회사BG/#3/AT03_136.psd,#3,/Users/saintiron/Projects/Imagine/thumbnails/57692_AT03_136_thumb.png,psd,2338,1653,Anime-style character sketch overlaid on a room interior.,"[""anime"", ""sketch"", ""character"", ""room"", ""windows"", ""ceiling"", ""lines"", ""overlay""]",illustration,,,,,,,1,assisted_prefill_v1,assisted_prefill; scope=#3:exact; matched_terms=창문; missing_terms=주방
precision-q0010,#3에서 창문과 주방 있는 이미지,scoped,29609,5,triaxis,"{""triaxis"": 5}","{""scope_hint_hard_small_20260502:triaxis"": 5}",webdav://13730b09/발송작품/작품/세일러문/#30/1/340.psd,29609_340.psd,발송작품/작품/세일러문/#30/1/340.psd,발송작품/작품/세일러문/#30/1,/Users/saintiron/Projects/Imagine/thumbnails/29609_340_thumb.png,psd,,,"A dimly lit modern interior with purple curtains and dark wooden cabinetry, evoking a quiet, melancholic atmosphere.","[""indoor"", ""night"", ""modern"", ""anime"", ""purple"", ""melancholic"", ""cabinetry"", ""curtains""]",background,indoor,,,,,,0,assisted_prefill_v1,assisted_prefill; scope=#3:substring; matched_terms=주방; missing_terms=창문
precision-q0010,#3에서 창문과 주방 있는 이미지,scoped,58207,5,triaxis,"{""triaxis"": 5}","{""current_on_v3_clean_20260502:triaxis"": 5}",webdav://13730b09/예비/작품2/대마도학원35시험 소대/제작회사BG/#1/TM#01_138.psd,58207_TM#01_138.psd,예비/작품2/대마도학원35시험 소대/제작회사BG/#1/TM#01_138.psd,#1,/Users/saintiron/Projects/Imagine/thumbnails/58207_TM#01_138_thumb.png,psd,1678,1183,"Dark kitchen interior with bar counter, stools, and window blinds.","[""kitchen"", ""bar"", ""stool"", ""window"", ""blinds"", ""faucets"", ""bottles"", ""dark""]",illustration,,,,,,,0,assisted_prefill_v1,"assisted_prefill; scope=#3:none; matched_terms=창문,주방; missing_terms=-"
precision-q0010,#3에서 창문과 주방 있는 이미지,scoped,29551,6,triaxis,"{""triaxis"": 6}","{""scope_hint_hard_small_20260502:triaxis"": 6}",webdav://13730b09/발송작품/작품/세일러문/#30/1/255.psd,29551_255.psd,발송작품/작품/세일러문/#30/1/255.psd,발송작품/작품/세일러문/#30/1,/Users/saintiron/Projects/Imagine/thumbnails/29551_255_thumb.png,psd,,,"A serene view through a modern sliding glass window, bathed in golden sunlight filtering through green trees outside.","[""window"", ""golden_hour"", ""trees"", ""peaceful"", ""anime"", ""pastel"", ""modern_architecture""]",background,indoor,,,2,weak,precision_keyword_scoped_v2,0,assisted_prefill_v1,assisted_prefill; scope=#3:substring; matched_terms=창문; missing_terms=주방
precision-q0010,#3에서 창문과 주방 있는 이미지,scoped,31070,6,triaxis,"{""triaxis"": 6}","{""current_on_v3_clean_20260502:triaxis"": 6}",/Users/saintiron/imageDB/마캬베리즈무/실내소품/#06_006.psd,#06_006.psd,#06_006.psd,실내소품,/Users/saintiron/Projects/Imagine/thumbnails/#06_006_thumb.png,psd,1872,1479,"A cozy kitchen with wooden floors, shelves, and vintage-style furniture.","[""kitchen"", ""wooden floor"", ""shelves"", ""table"", ""cabinets"", ""window"", ""dishes"", ""utensils""]",background,,,,,,,0,assisted_prefill_v1,"assisted_prefill; scope=#3:none; matched_terms=창문,주방; missing_terms=-"
precision-q0010,#3에서 창문과 주방 있는 이미지,scoped,31480,7,triaxis,"{""triaxis"": 7}","{""current_on_v3_clean_20260502:triaxis"": 7}",/Users/saintiron/imageDB/마캬베리즈무/실내소품/NM#02_108.psd,NM#02_108.psd,NM#02_108.psd,실내소품,/Users/saintiron/Projects/Imagine/thumbnails/NM#02_108_thumb.png,psd,2027,1263,"A kitchen scene with a refrigerator, sink, and floral curtains.","[""kitchen"", ""refrigerator"", ""sink"", ""curtains"", ""microwave"", ""cabinet"", ""door"", ""countertop""]",background,,,,,,,0,assisted_prefill_v1,assisted_prefill; scope=#3:none; matched_terms=주방; missing_terms=창문
precision-q0010,#3에서 창문과 주방 있는 이미지,scoped,57695,7,triaxis,"{""triaxis"": 7}","{""scope_hint_hard_small_20260502:triaxis"": 7}",webdav://13730b09/예비/작품2/대마도학원35시험 소대/제작회사BG/#3/AT03_141.psd,57695_AT03_141.psd,예비/작품2/대마도학원35시험 소대/제작회사BG/#3/AT03_141.psd,#3,/Users/saintiron/Projects/Imagine/thumbnails/57695_AT03_141_thumb.png,psd,1683,1190,Anime-style sketch of two characters in a bright room with windows and stairs.,"[""anime"", ""sketch"", ""characters"", ""windows"", ""stairs"", ""interior"", ""lighting""]",illustration,,,,,,,1,assisted_prefill_v1,assisted_prefill; scope=#3:exact; matched_terms=창문; missing_terms=주방
precision-q0010,#3에서 창문과 주방 있는 이미지,scoped,57696,8,triaxis,"{""triaxis"": 8}","{""scope_hint_hard_small_20260502:triaxis"": 8}",webdav://13730b09/예비/작품2/대마도학원35시험 소대/제작회사BG/#3/AT03_144.psd,57696_AT03_144.psd,예비/작품2/대마도학원35시험 소대/제작회사BG/#3/AT03_144.psd,#3,/Users/saintiron/Projects/Imagine/thumbnails/57696_AT03_144_thumb.png,psd,1683,1162,"A room with shelves, drawers, and a draped fabric on the wall.","[""shelves"", ""drawers"", ""fabric"", ""wall"", ""interior"", ""storage"", ""animation"", ""background""]",background,,,,,,,0,assisted_prefill_v1,"assisted_prefill; scope=#3:exact; matched_terms=-; missing_terms=창문,주방"
precision-q0010,#3에서 창문과 주방 있는 이미지,scoped,58140,8,triaxis,"{""triaxis"": 8}","{""current_on_v3_clean_20260502:triaxis"": 8}",webdav://13730b09/예비/작품2/대마도학원35시험 소대/제작회사BG/#1/TM#01_059.psd,58140_TM#01_059.psd,예비/작품2/대마도학원35시험 소대/제작회사BG/#1/TM#01_059.psd,#1,/Users/saintiron/Projects/Imagine/thumbnails/58140_TM#01_059_thumb.png,psd,1674,1180,"A room interior with a wooden desk, purple curtain, and window.","[""desk"", ""curtain"", ""window"", ""wallpaper"", ""frame"", ""wood"", ""purple"", ""brown""]",background,,,,,,,0,assisted_prefill_v1,assisted_prefill; scope=#3:none; matched_terms=창문; missing_terms=주방
precision-q0010,#3에서 창문과 주방 있는 이미지,scoped,29579,9,triaxis,"{""triaxis"": 9}","{""scope_hint_hard_small_20260502:triaxis"": 9}",webdav://13730b09/발송작품/작품/세일러문/#30/1/297A.psd,29579_297A.psd,발송작품/작품/세일러문/#30/1/297A.psd,발송작품/작품/세일러문/#30/1,/Users/saintiron/Projects/Imagine/thumbnails/29579_297A_thumb.png,psd,,,"A polished wooden floor with warm, golden tones and subtle reflections, suggesting a well-lit indoor space.","[""wooden_floor"", ""indoor"", ""anime"", ""warm_light"", ""peaceful"", ""modern_interior""]",background,indoor,,,,,,0,assisted_prefill_v1,"assisted_prefill; scope=#3:substring; matched_terms=-; missing_terms=창문,주방"
precision-q0010,#3에서 창문과 주방 있는 이미지,scoped,51627,9,triaxis,"{""triaxis"": 9}","{""current_on_v3_clean_20260502:triaxis"": 9}",webdav://13730b09/발송/범선/기절용사와 암살공주/#07/bg/kya07_067.psd,51627_kya07_067.psd,발송/범선/기절용사와 암살공주/#07/bg/kya07_067.psd,webdav:/13730b09/발송/범선/기절용사와 암살공주/#07/bg,/Users/saintiron/Projects/Imagine/thumbnails/51627_kya07_067_thumb.png,psd,,,"A rustic kitchen interior with wooden shelves, pottery, and brickwork.","[""kitchen"", ""shelves"", ""pottery"", ""wood"", ""brick"", ""plates"", ""jars"", ""cabinets""]",illustration,,,,,,,0,assisted_prefill_v1,assisted_prefill; scope=#3:none; matched_terms=주방; missing_terms=창문
precision-q0010,#3에서 창문과 주방 있는 이미지,scoped,31598,10,triaxis,"{""triaxis"": 10}","{""current_on_v3_clean_20260502:triaxis"": 10}",/Users/saintiron/imageDB/마캬베리즈무/실내소품/TH_049.psd,TH_049.psd,TH_049.psd,실내소품,/Users/saintiron/Projects/Imagine/thumbnails/TH_049_thumb.png,psd,1070,606,A wooden kitchen cabinet with glass doors and shelves filled with dishes and bottles.,"[""cabinet"", ""glass doors"", ""dishes"", ""bottles"", ""wooden furniture"", ""kitchen"", ""shelves"", ""indoor""]",background,,,,,,,0,assisted_prefill_v1,assisted_prefill; scope=#3:none; matched_terms=주방; missing_terms=창문
precision-q0010,#3에서 창문과 주방 있는 이미지,scoped,57584,10,triaxis,"{""triaxis"": 10}","{""scope_hint_hard_small_20260502:triaxis"": 10}",webdav://13730b09/예비/작품2/대마도학원35시험 소대/제작회사BG/#3/AT03_011.psd,57584_AT03_011.psd,예비/작품2/대마도학원35시험 소대/제작회사BG/#3/AT03_011.psd,#3,/Users/saintiron/Projects/Imagine/thumbnails/57584_AT03_011_thumb.png,psd,1683,1190,"Elegant room with large windows, chandelier, and blue curtains.","[""chandelier"", ""windows"", ""curtains"", ""sofa"", ""rug"", ""statues"", ""table"", ""wall""]",background,,,,,,,1,assisted_prefill_v1,assisted_prefill; scope=#3:exact; matched_terms=창문; missing_terms=주방
precision-q0015,안나의집에서 커튼과 창문 있는 이미지,scoped,31186,1,triaxis,"{""triaxis"": 1}","{""current_on_v3_clean_20260502:triaxis"": 1}",/Users/saintiron/imageDB/마캬베리즈무/실내소품/1_2_5.psd,1_2_5.psd,1_2_5.psd,실내소품,/Users/saintiron/Projects/Imagine/thumbnails/1_2_5_thumb.png,psd,7780,5921,"A collection of interior design elements including curtains, plants, and furniture.","[""curtains"", ""plants"", ""door"", ""window"", ""furniture"", ""wall art"", ""railing"", ""vases""]",item,,,,,,,0,assisted_prefill_v1,"assisted_prefill; scope=안나의집:none; matched_terms=커튼,창문; missing_terms=-"
precision-q0015,안나의집에서 커튼과 창문 있는 이미지,scoped,41173,1,triaxis,"{""triaxis"": 1}","{""current_on_v3_clean_20260502:triaxis"": 2, ""scope_hint_hard_small_20260502:triaxis"": 1}",webdav://13730b09/예비/크랑베르무/장소/안나의집/grb06_244.psd,41173_grb06_244.psd,예비/크랑베르무/장소/안나의집/grb06_244.psd,webdav:/13730b09/예비/크랑베르무/장소/안나의집,/Users/saintiron/Projects/Imagine/thumbnails/41173_grb06_244_thumb.png,psd,,,"A serene interior with blue curtains, wooden window frames, and framed artwork on beige walls.","[""Interior"", ""Anime"", ""Blue Curtains"", ""Wooden Windows"", ""Framed Artwork"", ""Beige Walls"", ""Natural Lighting""]",background,Interior,Day,Clear,2,weak,precision_keyword_scoped_v2,2,assisted_prefill_v1,"assisted_prefill; scope=안나의집:exact; matched_terms=커튼,창문; missing_terms=-"
precision-q0015,안나의집에서 커튼과 창문 있는 이미지,scoped,41072,2,triaxis,"{""triaxis"": 2}","{""current_on_v3_clean_20260502:triaxis"": 8, ""scope_hint_hard_small_20260502:triaxis"": 2}",webdav://13730b09/예비/크랑베르무/장소/안나의집/grb06_079.psd,41072_grb06_079.psd,예비/크랑베르무/장소/안나의집/grb06_079.psd,webdav:/13730b09/예비/크랑베르무/장소/안나의집,/Users/saintiron/Projects/Imagine/thumbnails/41072_grb06_079_thumb.png,psd,,,"A dimly lit classic dining room with a window, curtains, and furniture casting shadows.","[""Interior"", ""Dining room"", ""Classic"", ""Anime"", ""Overcast"", ""Mysterious"", ""Red carpet"", ""Blue curtains"", ""Wooden furniture""]",background,Interior,Day,Overcast,2,weak,precision_keyword_scoped_v2,2,assisted_prefill_v1,"assisted_prefill; scope=안나의집:exact; matched_terms=커튼,창문; missing_terms=-"
precision-q0015,안나의집에서 커튼과 창문 있는 이미지,scoped,31477,3,triaxis,"{""triaxis"": 3}","{""current_on_v3_clean_20260502:triaxis"": 3}",/Users/saintiron/imageDB/마캬베리즈무/실내소품/NM#02_017.psd,NM#02_017.psd,NM#02_017.psd,실내소품,/Users/saintiron/Projects/Imagine/thumbnails/NM#02_017_thumb.png,psd,1685,1191,Green curtain partially covering a window in a room interior,"[""curtain"", ""window"", ""wall"", ""interior"", ""green"", ""light"", ""room""]",background,,,,,,,0,assisted_prefill_v1,"assisted_prefill; scope=안나의집:none; matched_terms=커튼,창문; missing_terms=-"
precision-q0015,안나의집에서 커튼과 창문 있는 이미지,scoped,41187,3,triaxis,"{""triaxis"": 3}","{""scope_hint_hard_small_20260502:triaxis"": 3}",webdav://13730b09/예비/크랑베르무/장소/안나의집/grb06_269.psd,41187_grb06_269.psd,예비/크랑베르무/장소/안나의집/grb06_269.psd,webdav:/13730b09/예비/크랑베르무/장소/안나의집,/Users/saintiron/Projects/Imagine/thumbnails/41187_grb06_269_thumb.png,psd,,,A purple ceiling with blue curtains and bookshelves in a classic interior.,"[""Interior"", ""Anime"", ""Classic"", ""Bookshelf"", ""Curtains"", ""Purple Ceiling""]",background,Interior,Day,Clear,,,,1,assisted_prefill_v1,assisted_prefill; scope=안나의집:exact; matched_terms=커튼; missing_terms=창문
precision-q0015,안나의집에서 커튼과 창문 있는 이미지,scoped,41084,4,triaxis,"{""triaxis"": 4}","{""scope_hint_hard_small_20260502:triaxis"": 4}",webdav://13730b09/예비/크랑베르무/장소/안나의집/grb06_092_107.psd,41084_grb06_092_107.psd,예비/크랑베르무/장소/안나의집/grb06_092_107.psd,webdav:/13730b09/예비/크랑베르무/장소/안나의집,/Users/saintiron/Projects/Imagine/thumbnails/41084_grb06_092_107_thumb.png,psd,,,"A dimly lit room with a grandfather clock, blue curtains, and framed paintings on olive walls.","[""Interior"", ""Grandfather clock"", ""Blue curtains"", ""Framed paintings"", ""Olive walls"", ""Anime art"", ""Evening"", ""Serene""]",background,Interior,Evening,Overcast,,,,1,assisted_prefill_v1,assisted_prefill; scope=안나의집:exact; matched_terms=커튼; missing_terms=창문
precision-q0015,안나의집에서 커튼과 창문 있는 이미지,scoped,52531,4,triaxis,"{""triaxis"": 4}","{""current_on_v3_clean_20260502:triaxis"": 4}",webdav://13730b09/발송/범선/기절용사와 암살공주/장소/호텔실내/kya05_042.psd,52531_kya05_042.psd,발송/범선/기절용사와 암살공주/장소/호텔실내/kya05_042.psd,webdav:/13730b09/발송/범선/기절용사와 암살공주/장소/호텔실내,/Users/saintiron/Projects/Imagine/thumbnails/52531_kya05_042_thumb.png,psd,,,"A room interior with wooden walls, green curtains, and a bright window view.","[""curtains"", ""window"", ""wood"", ""wall"", ""sunlight"", ""interior"", ""green"", ""brown""]",background,,,,,,,0,assisted_prefill_v1,"assisted_prefill; scope=안나의집:none; matched_terms=커튼,창문; missing_terms=-"
precision-q0015,안나의집에서 커튼과 창문 있는 이미지,scoped,31210,5,triaxis,"{""triaxis"": 5}","{""current_on_v3_clean_20260502:triaxis"": 5}",/Users/saintiron/imageDB/마캬베리즈무/실내소품/271_273_bg_hg19.psd,271_273_bg_hg19.psd,271_273_bg_hg19.psd,실내소품,/Users/saintiron/Projects/Imagine/thumbnails/271_273_bg_hg19_thumb.png,psd,1897,1443,"A room with pink curtains, a wooden cabinet, and framed pictures.","[""curtains"", ""cabinet"", ""pictures"", ""window"", ""wall"", ""tassel"", ""frame"", ""nature""]",background,,,,,,,0,assisted_prefill_v1,"assisted_prefill; scope=안나의집:none; matched_terms=커튼,창문; missing_terms=-"
precision-q0015,안나의집에서 커튼과 창문 있는 이미지,scoped,41073,5,triaxis,"{""triaxis"": 5}","{""scope_hint_hard_small_20260502:triaxis"": 5}",webdav://13730b09/예비/크랑베르무/장소/안나의집/grb06_080.psd,41073_grb06_080.psd,예비/크랑베르무/장소/안나의집/grb06_080.psd,webdav:/13730b09/예비/크랑베르무/장소/안나의집,/Users/saintiron/Projects/Imagine/thumbnails/41073_grb06_080_thumb.png,psd,,,"A blue curtain partially obscures a window with wooden frames, revealing a cloudy sky outside.","[""anime"", ""curtain"", ""window"", ""cloudy sky"", ""blue"", ""mysterious""]",illustration,,,,2,weak,precision_keyword_scoped_v2,2,assisted_prefill_v1,"assisted_prefill; scope=안나의집:exact; matched_terms=커튼,창문; missing_terms=-"
precision-q0015,안나의집에서 커튼과 창문 있는 이미지,scoped,41186,6,triaxis,"{""triaxis"": 6}","{""scope_hint_hard_small_20260502:triaxis"": 6}",webdav://13730b09/예비/크랑베르무/장소/안나의집/grb06_268_282.psd,41186_grb06_268_282.psd,예비/크랑베르무/장소/안나의집/grb06_268_282.psd,webdav:/13730b09/예비/크랑베르무/장소/안나의집,/Users/saintiron/Projects/Imagine/thumbnails/41186_grb06_268_282_thumb.png,psd,,,"A cozy, classic-style room with blue curtains, wooden furniture, and bookshelves.","[""Interior"", ""Anime"", ""Classic"", ""Cozy"", ""Blue Curtains"", ""Wooden Furniture"", ""Bookshelves""]",background,Interior,Day,Clear,,,,1,assisted_prefill_v1,assisted_prefill; scope=안나의집:exact; matched_terms=커튼; missing_terms=창문
precision-q0015,안나의집에서 커튼과 창문 있는 이미지,scoped,58294,6,triaxis,"{""triaxis"": 6}","{""current_on_v3_clean_20260502:triaxis"": 6}",webdav://13730b09/예비/작품2/대마도학원35시험 소대/제작회사BG/#1/TM#01_240.psd,58294_TM#01_240.psd,예비/작품2/대마도학원35시험 소대/제작회사BG/#1/TM#01_240.psd,#1,/Users/saintiron/Projects/Imagine/thumbnails/58294_TM#01_240_thumb.png,psd,1678,1187,"Interior scene with windows, walls, and furniture in soft tones.","[""windows"", ""walls"", ""furniture"", ""plant"", ""books"", ""curtain"", ""pillow"", ""indoor""]",illustration,,,,,,,0,assisted_prefill_v1,"assisted_prefill; scope=안나의집:none; matched_terms=커튼,창문; missing_terms=-"
precision-q0015,안나의집에서 커튼과 창문 있는 이미지,scoped,39052,7,triaxis,"{""triaxis"": 7}","{""current_on_v3_clean_20260502:triaxis"": 7}",webdav://13730b09/예비/크랑베르무/장소/학교교실/grb02_152_155-R.psd,39052_grb02_152_155-R.psd,예비/크랑베르무/장소/학교교실/grb02_152_155-R.psd,webdav:/13730b09/예비/크랑베르무/장소/학교교실,/Users/saintiron/Projects/Imagine/thumbnails/39052_grb02_152_155-R_thumb.png,psd,,,"A view from a window with a light blue curtain, looking out onto a sunny, modern apartment building complex.","[""window"", ""curtain"", ""apartment"", ""urban"", ""anime"", ""sunny"", ""modern"", ""peaceful""]",background,urban,,,,,,0,assisted_prefill_v1,"assisted_prefill; scope=안나의집:none; matched_terms=커튼,창문; missing_terms=-"
precision-q0015,안나의집에서 커튼과 창문 있는 이미지,scoped,41215,7,triaxis,"{""triaxis"": 7}","{""scope_hint_hard_small_20260502:triaxis"": 7}",webdav://13730b09/예비/크랑베르무/장소/안나의집/grb06_287.psd,41215_grb06_287.psd,예비/크랑베르무/장소/안나의집/grb06_287.psd,webdav:/13730b09/예비/크랑베르무/장소/안나의집,/Users/saintiron/Projects/Imagine/thumbnails/41215_grb06_287_thumb.png,psd,,,A wooden chair with a vase of flowers sits near a window with blue curtains in a warmly lit room.,"[""chair"", ""flower"", ""window"", ""curtain"", ""wooden"", ""illustration"", ""calm"", ""blue"", ""brown""]",illustration,,,,2,weak,precision_keyword_scoped_v2,2,assisted_prefill_v1,"assisted_prefill; scope=안나의집:exact; matched_terms=커튼,창문; missing_terms=-"
precision-q0015,안나의집에서 커튼과 창문 있는 이미지,scoped,41068,8,triaxis,"{""triaxis"": 8}","{""scope_hint_hard_small_20260502:triaxis"": 8}",webdav://13730b09/예비/크랑베르무/장소/안나의집/grb04_224.psd,41068_grb04_224.psd,예비/크랑베르무/장소/안나의집/grb04_224.psd,webdav:/13730b09/예비/크랑베르무/장소/안나의집,/Users/saintiron/Projects/Imagine/thumbnails/41068_grb04_224_thumb.png,psd,,,"A room interior with a window, decorative wall panel, and candle on a table.","[""interior"", ""window"", ""candle"", ""wall"", ""table"", ""sketch"", ""layered"", ""design""]",illustration,,,,,,,1,assisted_prefill_v1,assisted_prefill; scope=안나의집:exact; matched_terms=창문; missing_terms=커튼
precision-q0015,안나의집에서 커튼과 창문 있는 이미지,scoped,41064,9,triaxis,"{""triaxis"": 9}","{""scope_hint_hard_small_20260502:triaxis"": 9}",webdav://13730b09/예비/크랑베르무/장소/안나의집/grb04_219.psd,41064_grb04_219.psd,예비/크랑베르무/장소/안나의집/grb04_219.psd,webdav:/13730b09/예비/크랑베르무/장소/안나의집,/Users/saintiron/Projects/Imagine/thumbnails/41064_grb04_219_thumb.png,psd,,,A vintage-style lamp sits on a marble countertop beside a window.,"[""lamp"", ""window"", ""marble"", ""vintage"", ""interior"", ""design"", ""lighting"", ""classic""]",illustration,,,,,,,1,assisted_prefill_v1,assisted_prefill; scope=안나의집:exact; matched_terms=창문; missing_terms=커튼
precision-q0015,안나의집에서 커튼과 창문 있는 이미지,scoped,57938,9,triaxis,"{""triaxis"": 9}","{""current_on_v3_clean_20260502:triaxis"": 9}",webdav://13730b09/예비/작품2/대마도학원35시험 소대/제작회사BG/#2/TM#02_184.psd,57938_TM#02_184.psd,예비/작품2/대마도학원35시험 소대/제작회사BG/#2/TM#02_184.psd,#2,/Users/saintiron/Projects/Imagine/thumbnails/57938_TM#02_184_thumb.png,psd,1668,1186,"Dark, moody interior with tall windows, curtains, and architectural details.","[""curtains"", ""windows"", ""architecture"", ""interior"", ""dark"", ""blue"", ""shadows""]",background,,,,,,,0,assisted_prefill_v1,"assisted_prefill; scope=안나의집:none; matched_terms=커튼,창문; missing_terms=-"
precision-q0015,안나의집에서 커튼과 창문 있는 이미지,scoped,41450,10,triaxis,"{""triaxis"": 10}","{""scope_hint_hard_small_20260502:triaxis"": 10}",webdav://13730b09/예비/크랑베르무/장소/스페인 안나의집/grb03_075_BG2.psd,41450_grb03_075_BG2.psd,예비/크랑베르무/장소/스페인 안나의집/grb03_075_BG2.psd,webdav:/13730b09/예비/크랑베르무/장소/스페인 안나의집,/Users/saintiron/Projects/Imagine/thumbnails/41450_grb03_075_BG2_thumb.png,psd,,,"A cozy medieval-style room with wooden furniture, red carpet, and lattice windows.","[""Interior"", ""Medieval"", ""Anime"", ""Cozy"", ""Daylight"", ""Red Carpet"", ""Lattice Windows""]",background,Interior,Day,Clear,,,,0,assisted_prefill_v1,assisted_prefill; scope=안나의집:substring; matched_terms=창문; missing_terms=커튼
precision-q0015,안나의집에서 커튼과 창문 있는 이미지,scoped,57822,10,triaxis,"{""triaxis"": 10}","{""current_on_v3_clean_20260502:triaxis"": 10}",webdav://13730b09/예비/작품2/대마도학원35시험 소대/제작회사BG/#2/TM#02_026.psd,57822_TM#02_026.psd,예비/작품2/대마도학원35시험 소대/제작회사BG/#2/TM#02_026.psd,#2,/Users/saintiron/Projects/Imagine/thumbnails/57822_TM#02_026_thumb.png,psd,2151,1298,"A room interior with patterned wallpaper, curtains, and architectural details.","[""wallpaper"", ""curtains"", ""window"", ""paneling"", ""doorway"", ""sketch lines"", ""interior"", ""ornate""]",background,,,,,,,0,assisted_prefill_v1,"assisted_prefill; scope=안나의집:none; matched_terms=커튼,창문; missing_terms=-"
precision-q0017,늪지대에서 숲과 fog 있는 이미지,scoped,34907,1,triaxis,"{""triaxis"": 1}","{""current_on_v3_clean_20260502:triaxis"": 1, ""scope_hint_hard_small_20260502:triaxis"": 1}",webdav://13730b09/발송4/범선/작품 쫑/후시/장소/늪지대/nfb09_162.psd,34907_nfb09_162.psd,발송4/범선/작품 쫑/후시/장소/늪지대/nfb09_162.psd,webdav:/13730b09/발송4/범선/작품 쫑/후시/장소/늪지대,/Users/saintiron/Projects/Imagine/thumbnails/34907_nfb09_162_thumb.png,psd,,,"A haunting forest of bare, twisted trees shrouded in thick fog under a gloomy, overcast sky.","[""fantasy"", ""forest"", ""foggy"", ""melancholic"", ""anime"", ""twilight"", ""winter"", ""bare_trees"", ""dark_forest""]",background,fantasy,,,2,weak,precision_keyword_scoped_v2,2,assisted_prefill_v1,"assisted_prefill; scope=늪지대:exact; matched_terms=숲,fog; missing_terms=-"
precision-q0017,늪지대에서 숲과 fog 있는 이미지,scoped,34898,2,triaxis,"{""triaxis"": 2}","{""current_on_v3_clean_20260502:triaxis"": 2, ""scope_hint_hard_small_20260502:triaxis"": 2}",webdav://13730b09/발송4/범선/작품 쫑/후시/장소/늪지대/nfb09_152.psd,34898_nfb09_152.psd,발송4/범선/작품 쫑/후시/장소/늪지대/nfb09_152.psd,webdav:/13730b09/발송4/범선/작품 쫑/후시/장소/늪지대,/Users/saintiron/Projects/Imagine/thumbnails/34898_nfb09_152_thumb.png,psd,,,"A misty, eerie forest path shrouded in fog, with gnarled trees and muted earth tones evoking a sense of solitude and mystery.","[""forest"", ""fog"", ""mysterious"", ""anime"", ""melancholic"", ""twilight"", ""path"", ""trees"", ""mist""]",background,fantasy,,,2,weak,precision_keyword_scoped_v2,2,assisted_prefill_v1,"assisted_prefill; scope=늪지대:exact; matched_terms=숲,fog; missing_terms=-"
precision-q0017,늪지대에서 숲과 fog 있는 이미지,scoped,34937,3,triaxis,"{""triaxis"": 3}","{""current_on_v3_clean_20260502:triaxis"": 3, ""scope_hint_hard_small_20260502:triaxis"": 3}",webdav://13730b09/발송4/범선/작품 쫑/후시/장소/늪지대/nfb09_209.psd,34937_nfb09_209.psd,발송4/범선/작품 쫑/후시/장소/늪지대/nfb09_209.psd,webdav:/13730b09/발송4/범선/작품 쫑/후시/장소/늪지대,/Users/saintiron/Projects/Imagine/thumbnails/34937_nfb09_209_thumb.png,psd,,,"A misty forest path shrouded in fog, with ancient trees and a mysterious, translucent veil hanging between them.","[""forest"", ""fog"", ""mysterious"", ""ethereal"", ""painterly"", ""twilight"", ""fantasy""]",background,fantasy,,,2,weak,precision_keyword_scoped_v2,2,assisted_prefill_v1,"assisted_prefill; scope=늪지대:exact; matched_terms=숲,fog; missing_terms=-"
precision-q0017,늪지대에서 숲과 fog 있는 이미지,scoped,34895,4,triaxis,"{""triaxis"": 4}","{""current_on_v3_clean_20260502:triaxis"": 4, ""scope_hint_hard_small_20260502:triaxis"": 4}",webdav://13730b09/발송4/범선/작품 쫑/후시/장소/늪지대/nfb09_149.psd,34895_nfb09_149.psd,발송4/범선/작품 쫑/후시/장소/늪지대/nfb09_149.psd,webdav:/13730b09/발송4/범선/작품 쫑/후시/장소/늪지대,/Users/saintiron/Projects/Imagine/thumbnails/34895_nfb09_149_thumb.png,psd,,,"A misty forest with bare trees and evergreens under a gray sky, evoking a melancholic atmosphere.","[""forest"", ""fog"", ""twilight"", ""anime"", ""melancholic"", ""autumn"", ""trees"", ""gray sky""]",background,outdoor,,,2,weak,precision_keyword_scoped_v2,2,assisted_prefill_v1,"assisted_prefill; scope=늪지대:exact; matched_terms=숲,fog; missing_terms=-"
precision-q0017,늪지대에서 숲과 fog 있는 이미지,scoped,34915,5,triaxis,"{""triaxis"": 5}","{""current_on_v3_clean_20260502:triaxis"": 6, ""scope_hint_hard_small_20260502:triaxis"": 5}",webdav://13730b09/발송4/범선/작품 쫑/후시/장소/늪지대/nfb09_170.psd,34915_nfb09_170.psd,발송4/범선/작품 쫑/후시/장소/늪지대/nfb09_170.psd,webdav:/13730b09/발송4/범선/작품 쫑/후시/장소/늪지대,/Users/saintiron/Projects/Imagine/thumbnails/34915_nfb09_170_thumb.png,psd,,,"A misty, eerie forest path framed by towering, gnarled trees, leading into a fog-shrouded woodland with a faint green clearing in the distance.","[""forest"", ""mystery"", ""dark_forest"", ""foggy"", ""anime_background"", ""fantasy"", ""twilight"", ""melancholic"", ""path"", ""trees""]",background,fantasy,,,2,weak,precision_keyword_scoped_v2,2,assisted_prefill_v1,"assisted_prefill; scope=늪지대:exact; matched_terms=숲,fog; missing_terms=-"
precision-q0017,늪지대에서 숲과 fog 있는 이미지,scoped,34918,5,triaxis,"{""triaxis"": 5}","{""current_on_v3_clean_20260502:triaxis"": 5, ""scope_hint_hard_small_20260502:triaxis"": 6}",webdav://13730b09/발송4/범선/작품 쫑/후시/장소/늪지대/nfb09_173.psd,34918_nfb09_173.psd,발송4/범선/작품 쫑/후시/장소/늪지대/nfb09_173.psd,webdav:/13730b09/발송4/범선/작품 쫑/후시/장소/늪지대,/Users/saintiron/Projects/Imagine/thumbnails/34918_nfb09_173_thumb.png,psd,,,"A misty, melancholic lake viewed through gnarled tree branches, with a wooden dock extending into the green water and distant mountains shrouded in fog.","[""fantasy"", ""lake"", ""forest"", ""fog"", ""twilight"", ""melancholic"", ""painterly"", ""tree"", ""dock"", ""mountains""]",background,fantasy,,,2,weak,precision_keyword_scoped_v2,2,assisted_prefill_v1,"assisted_prefill; scope=늪지대:exact; matched_terms=숲,fog; missing_terms=-"
precision-q0017,늪지대에서 숲과 fog 있는 이미지,scoped,33145,7,triaxis,"{""triaxis"": 7}","{""current_on_v3_clean_20260502:triaxis"": 7}",webdav://13730b09/발송4/범선/작품 쫑/후시/장소/용혈화/nfb09_295.psd,33145_nfb09_295.psd,발송4/범선/작품 쫑/후시/장소/용혈화/nfb09_295.psd,webdav:/13730b09/발송4/범선/작품 쫑/후시/장소/용혈화,/Users/saintiron/Projects/Imagine/thumbnails/33145_nfb09_295_thumb.png,psd,,,"A misty, sun-dappled forest scene with soft green foliage and subtle depth, rendered in anime style.","[""forest"", ""fog"", ""anime"", ""pastel"", ""peaceful"", ""summer"", ""background"", ""nature""]",background,outdoor,,,,,,0,assisted_prefill_v1,"assisted_prefill; scope=늪지대:none; matched_terms=숲,fog; missing_terms=-"
precision-q0017,늪지대에서 숲과 fog 있는 이미지,scoped,34912,7,triaxis,"{""triaxis"": 7}","{""current_on_v3_clean_20260502:triaxis"": 8, ""scope_hint_hard_small_20260502:triaxis"": 7}",webdav://13730b09/발송4/범선/작품 쫑/후시/장소/늪지대/nfb09_167.psd,34912_nfb09_167.psd,발송4/범선/작품 쫑/후시/장소/늪지대/nfb09_167.psd,webdav:/13730b09/발송4/범선/작품 쫑/후시/장소/늪지대,/Users/saintiron/Projects/Imagine/thumbnails/34912_nfb09_167_thumb.png,psd,,,"A haunting forest of bare, twisted trees under a heavy, overcast sky, shrouded in misty fog.","[""fantasy"", ""winter"", ""melancholic"", ""foggy"", ""bare_trees"", ""anime"", ""twilight"", ""monochrome""]",background,fantasy,,,2,weak,precision_keyword_scoped_v2,2,assisted_prefill_v1,"assisted_prefill; scope=늪지대:exact; matched_terms=숲,fog; missing_terms=-"
precision-q0017,늪지대에서 숲과 fog 있는 이미지,scoped,34975,8,triaxis,"{""triaxis"": 8}","{""scope_hint_hard_small_20260502:triaxis"": 8}",webdav://13730b09/발송4/범선/작품 쫑/후시/장소/늪지대/nfb09_251.psd,34975_nfb09_251.psd,발송4/범선/작품 쫑/후시/장소/늪지대/nfb09_251.psd,webdav:/13730b09/발송4/범선/작품 쫑/후시/장소/늪지대,/Users/saintiron/Projects/Imagine/thumbnails/34975_nfb09_251_thumb.png,psd,,,"A misty, eerie forest with bare, twisted trees under a gloomy sky, evoking a sense of solitude and mystery.","[""fantasy"", ""forest"", ""fog"", ""twilight"", ""melancholic"", ""painterly"", ""autumn"", ""bare_trees"", ""mysterious""]",background,fantasy,,,2,weak,precision_keyword_scoped_v2,2,assisted_prefill_v1,"assisted_prefill; scope=늪지대:exact; matched_terms=숲,fog; missing_terms=-"
precision-q0017,늪지대에서 숲과 fog 있는 이미지,scoped,34899,9,triaxis,"{""triaxis"": 9}","{""current_on_v3_clean_20260502:triaxis"": 9, ""scope_hint_hard_small_20260502:triaxis"": 9}",webdav://13730b09/발송4/범선/작품 쫑/후시/장소/늪지대/nfb09_153.psd,34899_nfb09_153.psd,발송4/범선/작품 쫑/후시/장소/늪지대/nfb09_153.psd,webdav:/13730b09/발송4/범선/작품 쫑/후시/장소/늪지대,/Users/saintiron/Projects/Imagine/thumbnails/34899_nfb09_153_thumb.png,psd,,,"A misty forest with a wooden bridge over a greenish lake, surrounded by ancient trees and a ghostly figure in the distance.","[""fantasy"", ""forest"", ""bridge"", ""fog"", ""ghost"", ""ethereal"", ""twilight"", ""painterly""]",background,fantasy,,,2,weak,precision_keyword_scoped_v2,2,assisted_prefill_v1,"assisted_prefill; scope=늪지대:exact; matched_terms=숲,fog; missing_terms=-"
precision-q0017,늪지대에서 숲과 fog 있는 이미지,scoped,35004,10,triaxis,"{""triaxis"": 10}","{""current_on_v3_clean_20260502:triaxis"": 10, ""scope_hint_hard_small_20260502:triaxis"": 10}",webdav://13730b09/발송4/범선/작품 쫑/후시/장소/늪지대/nfb09_283.psd,35004_nfb09_283.psd,발송4/범선/작품 쫑/후시/장소/늪지대/nfb09_283.psd,webdav:/13730b09/발송4/범선/작품 쫑/후시/장소/늪지대,/Users/saintiron/Projects/Imagine/thumbnails/35004_nfb09_283_thumb.png,psd,,,"A misty forest with tall trees and lush greenery, bathed in soft, diffused light.","[""forest"", ""mist"", ""trees"", ""green"", ""anime"", ""ethereal"", ""dawn""]",background,outdoor,,,,,,2,assisted_prefill_v1,"assisted_prefill; scope=늪지대:exact; matched_terms=숲,fog; missing_terms=-"
